{
  "IsEncrypted": false,
  "Values": {
    "AzureWebJobsStorage": "UseDevelopmentStorage=true",
    "FUNCTIONS_WORKER_RUNTIME": "node",
    "DEVICE_MAP_STORAGE_CONNECTION": "DefaultEndpointsProtocol=https;AccountName=truckdocsdevice;AccountKey=UWmh3ebn4VQxRSiniJfhkBsU1+SsBL7dpwN50S8WWo0IMsuNTehWxoMzLJnUR6+vqkCQR4Y3O1QC+AStd34iyw==;EndpointSuffix=core.windows.net",
    "DEVICE_MAP_TABLE": "DeviceTruckMap",
    "DEVICE_ENROLL_PIN": "1234",
    "SAMSARA_API_TOKEN": "samsara_api_hu1QCtP1QAFLRyKfENLEPM0ZxwPrrL"
  }
}